null	5	5	0	22
272	5.1	5.1	1777	64
543	5.2	5.2	3554	63
814	5.3	5.3	5331	62
1085	5.4	5.4	7108	61
1356	5.5	5.5	8885	61
1627	5.6	5.6	10662	61
1898	5.7	5.7	12439	61
2169	5.8	5.8	14216	61
null	5.9	5.9	15993	56
2711	6	6	17770	61
2982	6.1	6.1	19547	62
3253	6.2	6.2	21324	62
3524	6.3	6.3	23101	63
3795	6.4	6.4	24878	63
4066	6.5	6.5	26655	63
4337	6.6	6.6	28432	64
4608	6.7	6.7	30209	64
null	6.8	6.8	31986	69
5150	6.9	6.9	33763	65
5421	7	7	35540	65
5692	7.1	7.1	37317	66
5963	7.2	7.2	39094	66
6234	7.3	7.3	40871	67
6505	7.4	7.4	42648	67
6776	7.5	7.5	44425	68
7047	7.6	7.6	46202	68
null	7.7	7.7	47979	69
7589	7.8	7.8	49756	69
7860	7.9	7.9	51533	69
8131	8	8	53310	70
8402	8.1	8.1	55087	70
8673	8.2	8.2	56864	70
8944	8.3	8.3	58641	70
9215	8.4	8.4	60418	70
9486	5	8.5	62195	54
null	5.1	8.6	63972	64
10028	5.2	8.7	65749	55
10299	5.3	8.8	67526	55
10570	5.4	8.9	69303	56
10841	5.5	9	71080	56
11112	5.6	5	72857	48
11383	5.7	5.1	74634	49
11654	5.8	5.2	76411	50
11925	5.9	5.3	78188	50
null	6	5.4	79965	59
12467	6.1	5.5	81742	51
12738	6.2	5.6	83519	52
13009	6.3	5.7	85296	53
13280	6.4	5.8	87073	53
13551	6.5	5.9	88850	54
13822	6.6	6	90627	55
14093	6.7	6.1	92404	55
14364	6.8	6.2	94181	56
null	6.9	6.3	95958	69
14906	7	6.4	97735	57
15177	7.1	6.5	99512	58
15448	7.2	6.6	101289	58
15719	7.3	6.7	103066	59
15990	7.4	6.8	104843	59
16261	7.5	6.9	106620	60
16532	7.6	7	108397	61
16803	7.7	7.1	110174	61
null	7.8	7.2	111951	69
17345	7.9	7.3	113728	62
17616	8	7.4	115505	63
17887	8.1	7.5	117282	63
18158	8.2	7.6	119059	63
18429	8.3	7.7	120836	64
18700	8.4	7.8	122613	64
18971	5	7.9	124390	48
19242	5.1	8	126167	49
null	5.2	8.1	127944	64
19784	5.3	8.2	129721	50
20055	5.4	8.3	131498	50
20326	5.5	8.4	133275	51
20597	5.6	8.5	135052	51
20868	5.7	8.6	136829	52
21139	5.8	8.7	138606	52
21410	5.9	8.8	140383	53
21681	6	8.9	142160	54
null	6.1	9	143937	69
22223	6.2	5	145714	47
22494	6.3	5.1	147491	47
22765	6.4	5.2	149268	48
23036	6.5	5.3	151045	49
23307	6.6	5.4	152822	49
23578	6.7	5.5	154599	50
23849	6.8	5.6	156376	50
24120	6.9	5.7	158153	51
null	7	5.8	159930	69
24662	7.1	5.9	161707	52
24933	7.2	6	163484	53
25204	7.3	6.1	165261	53
25475	7.4	6.2	167038	54
25746	7.5	6.3	168815	55
26017	7.6	6.4	170592	55
26288	7.7	6.5	172369	56
26559	7.8	6.6	174146	56
null	7.9	6.7	175923	69
27101	8	6.8	177700	57
27372	8.1	6.9	179477	58
27643	8.2	7	181254	58
27914	8.3	7.1	183031	58
28185	8.4	7.2	184808	59
28456	5	7.3	186585	43
28727	5.1	7.4	188362	44
28998	5.2	7.5	190139	44
null	5.3	7.6	191916	62
29540	5.4	7.7	193693	45
29811	5.5	7.8	195470	46
82	5.6	7.9	197247	81
353	5.7	8	199024	78
624	5.8	8.1	200801	76
895	5.9	8.2	202578	75
1166	6	8.3	204355	74
1437	6.1	8.4	206132	74
null	6.2	8.5	207909	69
1979	6.3	8.6	209686	73
2250	6.4	8.7	1463	67
